{
  "mean": [
    0.37170109152793884,
    1.1542445421218872,
    1.6995364427566528,
    2.099245309829712,
    0.328850656747818,
    0.3638691306114197,
    1.4092944860458374,
    3.724921226501465,
    1.5283814668655396,
    1.0,
    0.0,
    0.0,
    0.0,
    0.0,
    0.0,
    0.0,
    0.0,
    0.31657201051712036,
    0.2018527090549469,
    1.0066572427749634,
    0.28775477409362793,
    0.1250227391719818,
    1.003625512123108,
    27.537277221679688
  ],
  "std": [
    1.2634886503219604,
    1.6263643503189087,
    2.4779746532440186,
    3.21459698677063,
    0.13492229580879211,
    1.207118034362793,
    0.735371470451355,
    1.763392686843872,
    0.18886268138885498,
    1.0,
    1.0,
    1.0,
    1.0,
    1.0,
    1.0,
    1.0,
    1.0,
    0.14179174602031708,
    1.775099754333496,
    0.047080472111701965,
    0.14445121586322784,
    2.058856964111328,
    0.04056409373879433,
    4.313511848449707
  ],
  "feature_names": [
    "rms_x",
    "rms_y",
    "rms_z",
    "overall_rms",
    "peak_freq_x",
    "peak_amp_x",
    "skewness_x",
    "kurtosis_x",
    "crest_factor_x",
    "band_energy_x_0",
    "band_energy_x_1",
    "band_energy_x_2",
    "band_energy_x_3",
    "band_energy_x_4",
    "band_energy_x_5",
    "band_energy_x_6",
    "band_energy_x_7",
    "peak_freq_y",
    "peak_amp_y",
    "crest_factor_y",
    "peak_freq_z",
    "peak_amp_z",
    "crest_factor_z",
    "temperature_c"
  ]
}